{"cameraMode":{"drawMode":0,"name":"Shaded","section":"Shading Mode"},"sceneLighting":false,"audioPlay":false,"sceneViewState":{"m_AlwaysRefresh":false,"showFog":true,"showSkybox":true,"showFlares":true,"showImageEffects":true,"showParticleSystems":true,"showVisualEffectGraphs":true,"m_FxEnabled":true},"in2DMode":false,"pivot":{"x":0.40683937072753909,"y":11.692258834838868,"z":-48.65825653076172},"rotation":{"x":0.6076412796974182,"y":0.022626584395766259,"z":-0.017322467640042306,"w":0.7937002182006836},"size":172.433349609375,"orthographic":true}